{"cameraMode":{"drawMode":0,"name":"Shaded","section":"Shading Mode"},"sceneLighting":true,"audioPlay":false,"sceneViewState":{"m_AlwaysRefresh":false,"showFog":true,"showSkybox":true,"showFlares":true,"showImageEffects":true,"showParticleSystems":true,"showVisualEffectGraphs":true,"m_FxEnabled":true},"in2DMode":false,"pivot":{"x":-0.20670843124389649,"y":0.6921694278717041,"z":5.142889499664307},"rotation":{"x":0.13880984485149384,"y":-0.08752727508544922,"z":0.012317475862801075,"w":0.9863710999488831},"size":10.342171669006348,"orthographic":false}